Name,17,18,19,20,21
Achim Post (Minden),0,1,1,1,0
Adis Ahmetovic,0,0,0,1,0
Agnes Alpers,1,0,0,0,0
Agnes Brugger,1,0,0,0,0
Agnes Krumwiede,1,0,0,0,0
Agnieszka Brugger,0,1,1,1,0
Albert H. Weiler,0,0,1,0,0
Albert Rupprecht,0,1,1,1,0
Albert Rupprecht (Weiden),1,1,0,0,0
Albert Stegemann,0,1,1,1,0
Albert Weiler,0,1,0,0,0
Albrecht Glaser,0,0,1,1,0
Albrecht Heinz Erhard Glaser,0,0,1,0,0
Alexander Bartz,0,0,0,1,0
Alexander Dobrindt,1,1,1,1,0
Alexander Engelhard,0,0,0,1,0
Alexander Funk,1,1,0,0,0
Alexander Föhr,0,0,0,1,0
Alexander Graf Lambsdorff,0,0,1,1,0
Alexander Hoffmann,0,1,1,1,0
Alexander Krauß,0,0,1,0,0
Alexander Kulitz,0,0,1,0,0
Alexander Müller,0,0,1,1,0
Alexander Radwan,0,1,1,1,0
Alexander S. Neu,0,1,0,0,0
Alexander Süßmair,1,0,0,0,0
Alexander Throm,0,0,1,1,0
Alexander Ulrich,1,1,1,1,0
Alexandra Dinges-Dierig,0,1,0,0,0
Ali Al-Dailami,0,0,0,1,0
Alois Gerig,1,1,1,0,0
Alois Karl,1,1,1,0,0
Alois Rainer,0,1,1,1,0
Amira Mohamed Ali,0,0,1,1,0
Ana-Maria Trasnea,0,0,0,1,0
Andrea Astrid Voßhoff,1,0,0,0,0
Andrea Lindholz,0,1,1,1,0
Andrea Nahles,1,1,1,0,0
Andrea Wicklein,1,1,0,0,0
Andreas Audretsch,0,0,0,1,0
Andreas Bleck,0,0,1,1,0
Andreas G. Lämmel,1,1,1,0,0
Andreas Jung,0,1,1,1,0
Andreas Jung (Konstanz),1,1,0,0,0
Andreas Larem,0,0,0,1,0
Andreas Mattfeldt,1,1,1,1,0
Andreas Mehltretter,0,0,0,1,0
Andreas Mrosek,0,0,1,0,0
Andreas Rimkus,0,1,1,1,0
Andreas Scheuer,0,1,1,1,0
Andreas Schwarz,0,1,1,1,0
Andreas Steier,0,0,1,0,0
Andreas Wagner,0,0,1,0,0
Andrej Hunko,1,1,1,1,0
Anette Hübinger,1,1,0,0,0
Anette Kramme,1,1,1,1,0
Angela Hohmann,0,0,0,1,0
Angelika Brunkhorst,1,0,0,0,0
Angelika Glöckner,0,1,1,1,0
Angelika Graf (Rosenheim),1,0,0,0,0
Angelika Krüger-Leißner,1,1,0,0,0
Anikó Glogowski-Merten,0,0,0,1,0
Anikó Merten,0,0,0,1,0
Anita Schäfer (Saalstadt),1,1,1,0,0
Anja Hajduk,0,1,1,0,0
Anja Karliczek,0,1,1,1,0
Anja Liebert,0,0,0,1,0
Anja Schulz,0,0,0,1,0
Anja Troff-Schaffarzyk,0,0,0,1,0
Anke Domscheit-Berg,0,0,1,1,0
Anke Hennig,0,0,0,1,0
Anna Kassautzki,0,0,0,1,0
Annalena Baerbock,0,1,1,1,0
Anne Janssen,0,0,0,1,0
Anne König,0,0,0,1,0
Annette Groth,1,1,0,0,0
Annette Sawade,1,1,0,0,0
Annette Schavan,0,1,0,0,0
Annette Widmann-Mauz,1,1,1,1,0
Annika Klose,0,0,0,1,0
Ansgar Heveling,1,1,1,1,0
Antje Lezius,0,1,1,0,0
Antje Tillmann,1,1,1,1,0
Anton Schaaf,1,0,0,0,0
Arfst Wagner (Schleswig),1,0,0,0,0
Ariane Fäscher,0,0,0,1,0
Armand Zorn,0,0,0,1,0
Armin Laschet,0,0,0,1,0
Armin Schuster (Weil am Rhein),1,1,1,0,0
Armin Schwarz,0,0,0,1,0
Armin-Paulus Hampel,0,0,1,0,0
Arno Klare,0,1,1,0,0
Arnold Vaatz,1,1,1,0,0
Artur Auernhammer,0,1,1,1,0
Astrid Damerow,0,0,1,1,0
Astrid Grotelüschen,0,1,1,0,0
Astrid Klug,1,0,0,0,0
Astrid Timmermann-Fechter,0,1,0,1,0
Ates Gürpinar,0,0,0,1,0
Awet Tesfaiesus,0,0,0,1,0
Axel E. Fischer (Karlsruhe-Land),1,1,1,0,0
Axel Echeverria,0,0,0,1,0
Axel Knoerig,1,1,1,1,0
Axel Müller,0,0,1,1,0
Axel Schäfer (Bochum),1,1,1,1,0
Aydan Özoguz,1,1,1,1,0
Aydan Özoğuz,0,0,0,1,0
Azize Tank,0,1,0,0,0
Barbara Benkstein,0,0,0,1,0
Barbara Lanzinger,0,1,0,0,0
Barbara Lenk,0,0,0,1,0
Barbara Woltmann,0,1,0,0,0
Bartholomäus Kalb,1,1,0,0,0
Beate Müller-Gemmeke,1,1,1,1,0
Beate Walter-Rosenheimer,1,1,1,1,0
Beatrix Philipp,1,0,0,0,0
Beatrix von Storch,0,0,1,1,0
Bela Bach,0,0,1,0,0
Bengt Bergt,0,0,0,1,0
Benjamin Strasser,0,0,1,1,0
Berengar Elsner von Gronow,0,0,1,0,0
Bernd Neumann (Bremen),1,0,0,0,0
Bernd Reuther,0,0,1,1,0
Bernd Riexinger,0,0,1,1,0
Bernd Rützel,0,1,1,1,0
Bernd Schattner,0,0,0,1,0
Bernd Scheelen,1,0,0,0,0
Bernd Siebert,1,1,1,0,0
Bernd Westphal,0,1,1,1,0
Bernhard Brinkmann (Hildesheim),1,0,0,0,0
Bernhard Daldrup,0,1,1,1,0
Bernhard Herrmann,0,0,0,1,0
Bernhard Kaster,1,1,0,0,0
Bernhard Loos,0,0,1,1,0
Bernhard Schulte-Drüggelte,1,1,0,0,0
Bettina  Kudla,1,0,0,0,0
Bettina Bähr-Losse,0,1,0,0,0
Bettina Hagedorn,1,1,1,1,0
Bettina Herlitzius,1,0,0,0,0
Bettina Hornhues,0,1,0,0,0
Bettina Kudla,1,1,0,0,0
Bettina Lugk,0,0,0,1,0
Bettina Margarethe Wiesmann,0,0,1,1,0
Bettina Müller,0,1,1,1,0
Bettina Stark-Watzinger,0,0,1,1,0
Bijan Djir-Sarai,1,0,1,1,0
Birgit Homburger,1,0,0,0,0
Birgit Kömpel,0,1,0,0,0
Birgit Menz,0,1,0,0,0
Birgit Wöllert,0,1,0,0,0
Birgitt Bender,1,0,0,0,0
Birke Bull-Bischoff,0,0,1,0,0
Björn Simon,0,0,1,1,0
Björn Sänger,1,0,0,0,0
Boris Mijatovic,0,0,0,1,0
Boris Mijatović,0,0,0,1,0
Brian Nickholz,0,0,0,1,0
Brigitte Freihold,0,0,1,0,0
Brigitte Pothmer,1,1,0,0,0
Brigitte Zypries,1,1,0,0,0
Britta Haßelmann,1,1,1,1,0
Britta Katharina Dassler,0,0,1,0,0
Bruno Hönel,0,0,0,1,0
Burkhard Blienert,0,1,0,0,0
Burkhard Lischka,1,1,1,0,0
Burkhardt Müller-Sönksen,1,0,0,0,0
Bärbel Bas,1,1,1,1,0
Bärbel Höhn,1,1,0,0,0
Cajus Caesar,1,1,0,0,0
Canan Bayram,0,0,1,1,0
Cansel Kiziltepe,0,1,1,1,0
Caren Lay,1,1,1,1,0
Caren Marks,1,1,1,0,0
Carina Konrad,0,0,1,1,0
Carl-Julius Cronenberg,0,0,1,1,0
Carlos Kasper,0,0,0,1,0
Carmen Wegge,0,0,0,1,0
Carola Stauche,1,1,0,0,0
Carolin Bachmann,0,0,0,1,0
Carsten Körber,0,1,1,1,0
Carsten Müller (Braunschweig),0,1,1,1,0
Carsten Schneider (Erfurt),1,1,1,1,0
Carsten Träger,0,1,1,1,0
Catarina dos Santos Firnhaber,0,0,0,1,0
Catarina dos Santos-Wintz,0,0,0,1,0
Cem Özdemir,0,1,1,1,0
Cemile Giousouf,0,1,0,0,0
Chantal Kopf,0,0,0,1,0
Charles M. Huber,0,1,0,0,0
Charlotte Schneidewind-Hartnagel,0,0,1,0,0
Christel Humme,1,0,0,0,0
Christel Voßbeck-Kayser,0,1,0,0,0
Christian Ahrendt,1,0,0,0,0
Christian Bartelt,0,0,0,1,0
Christian Dürr,0,0,1,1,0
Christian Flisek,0,1,0,0,0
Christian Frhr. von Stetten,1,1,1,1,0
Christian Görke,0,0,0,1,0
Christian Haase,0,1,1,1,0
Christian Hirte,1,1,1,1,0
Christian Kühn (Tübingen),0,1,1,1,0
Christian Lange (Backnang),1,1,1,0,0
Christian Leye,0,0,0,1,0
Christian Lindner,0,0,1,1,0
Christian Natterer,0,0,1,0,0
Christian Petry,0,1,1,1,0
Christian Sauter,0,0,1,1,0
Christian Schmidt (Fürth),1,1,1,0,0
Christian Schreider,0,0,0,1,0
Christina Jantz,0,1,0,0,0
Christina Jantz-Herrmann,0,1,0,0,0
Christina Kampmann,0,1,0,0,0
Christina Schwarzer,0,1,0,0,0
Christina Stumpp,0,0,0,1,0
Christina-Johanne Schröder,0,0,0,1,0
Christine Aschenberg-Dugnus,1,0,1,1,0
Christine Buchholz,1,1,1,0,0
Christine Lambrecht,1,1,1,0,0
Christoph Bernstiel,0,0,1,0,0
Christoph Matschie,0,0,1,0,0
Christoph Meyer,0,0,1,1,0
Christoph Neumann,0,0,1,0,0
Christoph Poland,1,0,0,0,0
Christoph Schmid,0,0,0,1,0
Christoph Schnurr,1,0,0,0,0
Christoph Strässer,1,1,0,0,0
Christoph de Vries,0,0,1,1,0
Christopher Gohl,0,0,1,0,0
Clara Bünger,0,0,0,1,0
Claudia Bögel,1,0,0,0,0
Claudia Moll,0,0,1,1,0
Claudia Müller,0,0,1,1,0
Claudia Raffelhüschen,0,0,0,1,0
Claudia Roth (Augsburg),1,1,1,1,0
Claudia Tausend,0,1,1,1,0
Clemens Binninger,1,1,0,0,0
Corinna Miazga,0,0,1,1,0
Corinna Rüffer,0,1,1,1,0
Cornelia Behm,1,0,0,0,0
Cornelia Möhring,1,1,1,1,0
Cornelia Pieper,1,0,0,0,0
Dagmar Andres,0,0,0,1,0
Dagmar Freitag,1,1,1,0,0
Dagmar G. Wöhrl,1,1,0,0,0
Dagmar Schmidt (Wetzlar),0,1,1,1,0
Dagmar Ziegler,1,1,1,0,0
Daniel Bahr (Münster),1,0,0,0,0
Daniel Baldy,0,0,0,1,0
Daniel Föst,0,0,1,1,0
Daniel Rinkert,0,0,0,1,0
Daniel Schneider,0,0,0,1,0
Daniela Kluckert,0,0,1,1,0
Daniela Kolbe,0,1,1,0,0
Daniela Kolbe (Leipzig),1,1,0,0,0
Daniela Ludwig,1,1,1,1,0
Daniela Wagner,1,0,1,0,0
Deborah Düring,0,0,0,1,0
Denise Loop,0,0,0,1,0
Dennis Rohde,0,1,1,1,0
Derya Türk-Nachbaur,0,0,0,1,0
Detlef Müller (Chemnitz),0,1,1,1,0
Detlef Seif,1,1,1,1,0
Detlev Pilger,0,1,1,0,0
Detlev Spangenberg,0,0,1,0,0
Diana Golze,1,1,0,0,0
Diana Stöcker,0,0,0,1,0
Dieter Janecek,0,1,1,1,0
Dieter Jasper,1,0,0,0,0
Dieter Stier,1,1,1,1,0
Dietmar Friedhoff,0,0,1,1,0
Dietmar Nietan,1,1,1,1,0
Dietrich Monstadt,1,1,1,1,0
Dirk Becker,1,1,0,0,0
Dirk Brandes,0,0,0,1,0
Dirk Fischer (Hamburg),1,1,0,0,0
Dirk Heidenblut,0,1,1,1,0
Dirk Niebel,1,0,0,0,0
Dirk Vöpel,0,1,1,1,0
Dirk Wiese,0,1,1,1,0
Dirk-Ulrich Mende,0,0,0,1,0
Doris  Barnett,1,0,0,0,0
Doris Achelwilm,0,0,1,0,0
Doris Barnett,1,1,1,0,0
Doris Wagner,0,1,0,0,0
Dorothea Steiner,1,0,0,0,0
Dorothee Bär,1,1,1,1,0
Dorothee Martin,0,0,1,1,0
Dorothee Menzner,1,0,0,0,0
Dr. Achim Kessler,0,0,1,0,0
Dr. Alexander Gauland,0,0,1,1,0
Dr. Alexander S. Neu,0,1,1,0,0
Dr. Alice Weidel,0,0,1,1,0
Dr. Andre Berghegger,0,1,0,0,0
Dr. Andre Hahn,0,1,0,0,0
Dr. Andreas Lenz,0,1,1,1,0
Dr. Andreas Nick,0,1,1,0,0
Dr. Andreas Philippi,0,0,0,1,0
Dr. Andreas Scheuer,1,0,0,0,0
Dr. Andreas Schockenhoff,1,1,0,0,0
Dr. Andrew Ullmann,0,0,1,1,0
Dr. André Berghegger,0,1,1,1,0
Dr. André Hahn,0,1,1,1,0
Dr. Angela Merkel,1,1,1,0,0
Dr. Anja Reinalter,0,0,0,1,0
Dr. Anja Weisgerber,0,1,1,1,0
Dr. Ann-Veruschka Jurisch,0,0,0,1,0
Dr. Anna Christmann,0,0,1,1,0
Dr. Anna Lührmann,0,0,0,1,0
Dr. Anne Monika Spallek,0,0,0,1,0
Dr. Annette Schavan,1,1,0,0,0
Dr. Anton Friesen,0,0,1,0,0
Dr. Anton Hofreiter,1,1,1,1,0
Dr. Armin Grau,0,0,0,1,0
Dr. Astrid Freudenstein,0,1,1,0,0
Dr. Astrid Mannes,0,0,1,1,0
Dr. Axel Gehrke,0,0,1,0,0
Dr. Axel Troost,1,1,1,0,0
Dr. Barbara Hendricks,1,1,1,0,0
Dr. Barbara Höll,1,0,0,0,0
Dr. Bernd Baumann,0,0,1,1,0
Dr. Bernd Fabritius,0,1,0,0,0
Dr. Bettina Hoffmann,0,0,1,1,0
Dr. Birgit Malecha-Nissen,0,1,0,0,0
Dr. Birgit Malsack-Winkemann,0,0,1,0,0
Dr. Birgit Reinemund,1,0,0,0,0
Dr. Birke Bull-Bischoff,0,0,1,0,0
Dr. Bruno Hollnagel,0,0,1,0,0
Dr. Bärbel Kofler,1,1,1,1,0
Dr. Carola Reimann,1,1,0,0,0
Dr. Carolin Wagner,0,0,0,1,0
Dr. Carsten  Sieling,1,0,0,0,0
Dr. Carsten Brodesser,0,0,1,1,0
Dr. Carsten Linnemann,1,1,1,1,0
Dr. Carsten Sieling,1,1,0,0,0
Dr. Christel Happach-Kasan,1,0,0,0,0
Dr. Christian Jung,0,0,1,0,0
Dr. Christian Ruck,1,0,0,0,0
Dr. Christian Wirth,0,0,1,1,0
Dr. Christiane Ratjen-Damerau,1,0,0,0,0
Dr. Christiane Schenderlein,0,0,0,1,0
Dr. Christina Baum,0,0,0,1,0
Dr. Christoph Bergner,1,1,0,0,0
Dr. Christoph Hoffmann,0,0,1,1,0
Dr. Christoph Ploß,0,0,1,1,0
Dr. Christopher Gohl,0,0,1,0,0
Dr. Christos Pantazis,0,0,0,1,0
Dr. Claudia Lücking-Michel,0,1,0,0,0
Dr. Claudia Schmidtke,0,0,1,0,0
Dr. Claudia Winterstein,1,0,0,0,0
Dr. Dagmar Enkelmann,1,0,0,0,0
Dr. Daniel Volk,1,0,0,0,0
Dr. Daniela De Ridder,0,1,1,1,0
Dr. Danyal Bayaz,0,0,1,0,0
Dr. Dieter Wiefelspütz,1,0,0,0,0
Dr. Diether Dehm,1,1,1,0,0
Dr. Dietlind Tiemann,0,0,1,0,0
Dr. Dietmar Bartsch,1,1,1,1,0
Dr. Dirk Spaniel,0,0,1,1,0
Dr. Dorothee Schlegel,0,1,0,0,0
Dr. Dr. h. c. Bernd Fabritius,0,0,1,0,0
Dr. Dr. h. c. Karl A. Lamers,0,0,1,0,0
Dr. Dr. h.c. Bernd Fabritius,0,1,0,0,0
Dr. Dr. h.c. Karl A. Lamers,0,1,1,0,0
Dr. Eberhard Brecht,0,0,1,0,0
Dr. Edgar Franke,1,1,1,1,0
Dr. Edmund Peter Geisen,1,0,0,0,0
Dr. Egon Jüttner,1,1,0,0,0
Dr. Erik Schweickert,1,0,0,0,0
Dr. Ernst Dieter Rossmann,1,1,1,0,0
Dr. Erwin Lotter,1,0,0,0,0
Dr. Eva Högl,1,1,1,0,0
Dr. Florian Toncar,1,0,1,1,0
Dr. Frank Steffel,1,1,1,0,0
Dr. Frank-Walter Steinmeier,1,1,0,0,0
Dr. Franz Josef Jung,1,1,0,0,0
Dr. Franziska Brantner,0,1,1,1,0
Dr. Franziska Kersten,0,0,0,1,0
Dr. Franziska Krumwiede-Steiner,0,0,0,1,0
Dr. Frauke Petry,0,0,1,0,0
Dr. Frithjof Schmidt,1,1,1,0,0
Dr. Fritz Felgentreu,0,1,1,0,0
Dr. Georg Kippels,0,1,1,1,0
Dr. Georg Nüßlein,1,1,1,0,0
Dr. Gerd Müller,1,1,1,0,0
Dr. Gerhard Schick,1,1,1,0,0
Dr. Gero Clemens Hocker,0,0,1,1,0
Dr. Gesine Lötzsch,1,1,1,1,0
Dr. Gottfried Curio,0,0,1,1,0
Dr. Gregor Gysi,1,1,1,1,0
Dr. Guido Westerwelle,1,0,0,0,0
Dr. Götz Frömming,0,0,1,1,0
Dr. Günter Krings,1,1,1,1,0
Dr. Hans-Joachim Schabedoth,0,1,0,0,0
Dr. Hans-Peter Bartels,1,1,0,0,0
Dr. Hans-Peter Friedrich (Hof),1,1,1,1,0
Dr. Hans-Peter Uhl,1,1,0,0,0
Dr. Hans-Ulrich Krüger,0,1,0,0,0
Dr. Harald Terpe,1,1,0,0,0
Dr. Harald Weyel,0,0,1,1,0
Dr. Heiko Heßenkemper,0,0,1,0,0
Dr. Heiko Wildberg,0,0,1,0,0
Dr. Heinrich L. Kolb,1,0,0,0,0
Dr. Heinz Riesenhuber,1,1,0,0,0
Dr. Helge Braun,1,1,1,1,0
Dr. Hendrik Hoppenstedt,0,1,1,1,0
Dr. Herbert Wollmann,0,0,0,1,0
Dr. Heribert Hirte,0,1,1,0,0
Dr. Herlind Gundelach,0,1,0,0,0
Dr. Hermann E. Ott,1,0,0,0,0
Dr. Hermann Kues,1,0,0,0,0
Dr. Hermann Ott,1,0,0,0,0
Dr. Hermann Otto Solms,1,0,1,0,0
Dr. Hermann-Josef Tebroke,0,0,1,1,0
Dr. Holger Becker,0,0,0,1,0
Dr. Ilja Seifert,1,0,0,0,0
Dr. Ingeborg Gräßle,0,0,0,1,0
Dr. Ingrid Nestle,0,0,1,1,0
Dr. Irene Mihalic,0,0,1,1,0
Dr. Jan-Marco Luczak,1,1,1,1,0
Dr. Jan-Niclas Gesenhues,0,0,0,1,0
Dr. Janosch Dahmen,0,0,1,1,0
Dr. Jens Brandenburg (Rhein-Neckar),0,0,1,1,0
Dr. Jens Zimmermann,0,1,1,1,0
Dr. Joachim Pfeiffer,1,1,1,0,0
Dr. Joe Weingarten,0,0,1,1,0
Dr. Johann David Wadephul,0,0,1,1,0
Dr. Johann Wadephul,1,1,0,0,0
Dr. Johannes Fechner,0,1,1,1,0
Dr. Jonas Geissler,0,0,0,1,0
Dr. Julia Verlinden,0,1,1,1,0
Dr. Jürgen Martens,0,0,1,0,0
Dr. Karamba Diaby,0,1,1,1,0
Dr. Karin Thissen,0,1,0,0,0
Dr. Karl A. Lamers,0,1,0,0,0
Dr. Karl A. Lamers (Heidelberg),1,0,0,0,0
Dr. Karl Lauterbach,1,1,1,1,0
Dr. Karl-Heinz Brunner,0,1,1,0,0
Dr. Katarina Barley,0,1,1,0,0
Dr. Katja Leikert,0,1,1,1,0
Dr. Kirsten Kappert-Gonther,0,0,1,1,0
Dr. Kirsten Tackmann,1,1,1,0,0
Dr. Klaus Wiener,0,0,0,1,0
Dr. Klaus-Peter Schulze,0,1,1,0,0
Dr. Konstantin von Notz,1,1,1,1,0
Dr. Kristian Klinck,0,0,0,1,0
Dr. Kristina Schröder,1,0,0,0,0
Dr. Kristina Schröder (Wiesbaden),1,1,0,0,0
Dr. Lars Castellucci,0,1,1,1,0
Dr. Lina Seitzl,0,0,0,1,0
Dr. Lothar Maier,0,0,1,0,0
Dr. Lukas Köhler,0,0,1,1,0
Dr. Lukrezia Jochimsen,1,0,0,0,0
Dr. Lutz Knopek,1,0,0,0,0
Dr. Malte Kaufmann,0,0,0,1,0
Dr. Manja Schüle,0,0,1,0,0
Dr. Manuela Rottmann,0,0,1,1,0
Dr. Marc Jongen,0,0,1,1,0
Dr. Marcel Klinge,0,0,1,0,0
Dr. Marco Buschmann,0,0,1,1,0
Dr. Marcus Faber,0,0,1,1,0
Dr. Maria Böhmer,1,1,0,0,0
Dr. Maria Flachsbarth,1,1,1,0,0
Dr. Maria-Lena Weiss,0,0,0,1,0
Dr. Marie-Agnes Strack-Zimmermann,0,0,1,1,0
Dr. Markus Reichel,0,0,0,1,0
Dr. Marlies Volkmer,1,0,0,0,0
Dr. Marlon Bröhr,0,0,0,1,0
Dr. Martin Lindner (Berlin),1,0,0,0,0
Dr. Martin Neumann (Lausitz),1,0,1,0,0
Dr. Martin Plum,0,0,0,1,0
Dr. Martin Pätzold,0,1,0,0,0
Dr. Martin Rosemann,0,1,1,1,0
Dr. Martin Schwanholz,1,0,0,0,0
Dr. Martina Bunge,1,0,0,0,0
Dr. Mathias Edwin Höschel,0,1,0,0,0
Dr. Mathias Middelberg,1,1,1,1,0
Dr. Matthias Bartke,0,1,1,0,0
Dr. Matthias Heider,1,1,1,0,0
Dr. Matthias Miersch,1,1,1,1,0
Dr. Matthias Zimmer,1,1,1,0,0
Dr. Max Lehmer,1,0,0,0,0
Dr. Max Stadler,1,0,0,0,0
Dr. Michael Espendiller,0,0,1,1,0
Dr. Michael Fuchs,1,1,0,0,0
Dr. Michael Kaufmann,0,0,0,1,0
Dr. Michael Luther,1,0,0,0,0
Dr. Michael Meister,1,1,1,1,0
Dr. Michael Paul,1,0,0,0,0
Dr. Michael von Abercron,0,0,1,0,0
Dr. Nils Schmid,0,0,1,1,0
Dr. Nina Scheer,0,1,1,1,0
Dr. Norbert Lammert,1,1,0,0,0
Dr. Norbert Röttgen,1,1,1,1,0
Dr. Ole Schröder,1,1,0,0,0
Dr. Oliver Vogt,0,0,0,1,0
Dr. Ophelia Nick,0,0,0,1,0
Dr. Ottilie Klein,0,0,0,1,0
Dr. Patrick Sensburg,1,1,1,0,0
Dr. Paula Piechotta,0,0,0,1,0
Dr. Peter Danckert,1,0,0,0,0
Dr. Peter Gauweiler,1,1,0,0,0
Dr. Peter Ramsauer,1,1,1,1,0
Dr. Peter Röhlinger,1,0,0,0,0
Dr. Peter Tauber,1,1,1,0,0
Dr. Petra Sitte,1,1,1,1,0
Dr. Philipp Lengsfeld,0,1,0,0,0
Dr. Philipp Murmann,1,1,0,0,0
Dr. Rainer Kraft,0,0,1,1,0
Dr. Rainer Rothfuß,0,0,0,1,0
Dr. Rainer Stinner,1,0,0,0,0
Dr. Ralf Brauksiepe,1,1,1,0,0
Dr. Ralf Stegner,0,0,0,1,0
Dr. Reinhard Brandl,1,1,1,1,0
Dr. Robby Schlund,0,0,1,0,0
Dr. Robert Habeck,0,0,0,1,0
Dr. Roland Hartwig,0,0,1,0,0
Dr. Rolf Koschorrek,1,0,0,0,0
Dr. Rolf Mützenich,1,1,1,1,0
Dr. Rosemarie Hein,1,1,0,0,0
Dr. Roy Kühne,0,1,1,0,0
Dr. Sabine Sütterlin-Waack,0,1,0,0,0
Dr. Sahra Wagenknecht,0,1,1,1,0
Dr. Sandra Detzer,0,0,0,1,0
Dr. Sascha Raabe,1,1,1,0,0
Dr. Saskia Ludwig,0,0,1,0,0
Dr. Sebastian Schäfer,0,0,0,1,0
Dr. Silke Launert,0,1,1,1,0
Dr. Simone Raatz,0,1,0,0,0
Dr. Stefan Heck,0,1,0,1,0
Dr. Stefan Kaufmann,1,1,1,1,0
Dr. Stefan Nacke,0,0,0,1,0
Dr. Stefan Ruppert,1,0,1,0,0
Dr. Stephan Harbarth,1,1,1,0,0
Dr. Stephan Pilsinger,0,0,0,1,0
Dr. Stephan Seiter,0,0,0,1,0
Dr. Tanja Machalet,0,0,0,1,0
Dr. Thomas  Feist,1,0,0,0,0
Dr. Thomas Feist,1,1,0,0,0
Dr. Thomas Gambke,1,1,0,0,0
Dr. Thomas Gebhart,1,1,1,1,0
Dr. Thomas de Maizière,1,1,1,0,0
Dr. Thorsten Lieb,0,0,0,1,0
Dr. Thorsten Rudolph,0,0,0,1,0
Dr. Till Steffen,0,0,0,1,0
Dr. Tim Ostermann,0,1,1,0,0
Dr. Tobias Lindner,1,1,1,1,0
Dr. Ursula von der Leyen,1,1,1,0,0
Dr. Ute Finckh-Krämer,0,1,0,0,0
Dr. Valerie Wilms,1,1,0,0,0
Dr. Volker Redder,0,0,0,1,0
Dr. Volker Ullrich,0,1,1,1,0
Dr. Volker Wissing,1,0,0,1,0
Dr. Wiebke Esdar,0,0,1,1,0
Dr. Wieland Schinnenburg,0,0,1,0,0
Dr. Wilhelm Priesmeier,1,1,0,0,0
Dr. Wolfgang Gerhardt,1,0,0,0,0
Dr. Wolfgang Götzer,1,0,0,0,0
Dr. Wolfgang Schäuble,1,1,1,1,0
Dr. Wolfgang Stefinger,0,1,1,1,0
Dr. Wolfgang Strengmann-Kuhn,1,1,1,1,0
Dr. Yannick Bury,0,0,0,1,0
Dr. Zanda Martens,0,0,0,1,0
Dr. Zoe Mayer,0,0,0,1,0
Dr. h. c. (NUACA) Albert H. Weiler,0,0,1,0,0
Dr. h. c. (Univ Kyiv) Hans Michelbach,0,0,1,0,0
Dr. h. c. Albert Weiler,0,0,1,0,0
Dr. h. c. Gernot Erler,1,0,0,0,0
Dr. h. c. Hans Michelbach,1,0,1,0,0
Dr. h. c. Jürgen Koppelin,1,0,0,0,0
Dr. h. c. Susanne Kastner,1,0,0,0,0
Dr. h. c. Thomas Sattelberger,0,0,1,1,0
Dr. h. c. Wolfgang Thierse,1,0,0,0,0
Dr. h.c. Albert Weiler,0,1,1,0,0
Dr. h.c. Edelgard Bulmahn,0,1,0,0,0
Dr. h.c. Gernot Erler,1,1,0,0,0
Dr. h.c. Hans Michelbach,1,1,1,0,0
Dr. h.c. Jürgen Koppelin,1,0,0,0,0
Dr. h.c. Susanne Kastner,1,0,0,0,0
Dr. h.c. Thomas Sattelberger,0,0,1,0,0
Dr. h.c. Wolfgang Thierse,1,0,0,0,0
Dunja Kreiser,0,0,0,1,0
Eberhard Gienger,1,1,1,0,0
Eckart von Klaeden,1,0,0,0,0
Eckhard Gnodtke,0,0,1,0,0
Eckhard Pols,1,1,1,0,0
Eckhardt Rehberg,1,1,1,0,0
Edelgard Bulmahn,1,1,0,0,0
Edgar Naujok,0,0,0,1,0
Eduard Oswald,1,0,0,0,0
Ekin Deligöz,1,1,1,1,0
Elfi Scho-Antwerpes,0,1,0,0,0
Elisabeth Kaiser,0,0,1,1,0
Elisabeth Motschmann,0,1,1,0,0
Elisabeth Scharfenberg,1,1,0,0,0
Elisabeth Winkelmeier-Becker,1,1,1,1,0
Elke Ferner,1,1,0,0,0
Elke Hoff,1,0,0,0,0
Elvan Korkmaz,0,0,1,0,0
Elvan Korkmaz-Emre,0,0,1,0,0
Elvira Drobinski-Weiß,1,1,0,0,0
Emilia Fester,0,0,0,1,0
Emily Vontz,0,0,0,1,0
Emmi Zeulner,0,1,1,1,0
Enak Ferlemann,1,1,1,1,0
Enrico Komning,0,0,1,1,0
Erhard Grundl,0,0,1,1,0
Erich G. Fritz,1,0,0,0,0
Erich Irlstorfer,0,1,1,1,0
Erik von Malottki,0,0,0,1,0
Erika Steinbach,1,1,0,0,0
Ernst Burgbacher,1,0,0,0,0
Ernst Hinsken,1,0,0,0,0
Ernst-Reinhard Beck (Reutlingen),1,0,0,0,0
Erwin Rüddel,1,1,1,1,0
Esra Limbacher,0,0,0,1,0
Esther Dilcher,0,0,1,1,0
Eugen Schmidt,0,0,0,1,0
Eva Bulling-Schröter,1,1,0,0,0
Eva-Maria Elisabeth Schreiber,0,0,1,0,0
Eva-Maria Schreiber,0,0,1,0,0
Ewa Klamt,1,0,0,0,0
Ewald Schurer,1,1,0,0,0
Fabian Funke,0,0,0,1,0
Fabian Gramling,0,0,0,1,0
Fabian Griewel,0,0,0,1,0
Fabian Jacobi,0,0,1,1,0
Fabio De Masi,0,0,1,0,0
Falko Droßmann,0,0,0,1,0
Falko Mohrs,0,0,1,1,0
Felix Banaszak,0,0,0,1,0
Felix Döring,0,0,0,1,0
Felix Schreiner,0,0,1,1,0
Filiz Polat,0,0,1,1,0
Florian Bernschneider,1,0,0,0,0
Florian Hahn,1,1,1,1,0
Florian Jäger,0,0,1,0,0
Florian Müller,0,0,0,1,0
Florian Oßner,0,1,1,1,0
Florian Post,0,1,1,0,0
Florian Pronold,1,1,1,0,0
Florian Toncar,1,0,0,0,0
Frank Bsirske,0,0,0,1,0
Frank Heinrich,1,0,0,0,0
Frank Heinrich (Chemnitz),0,1,1,0,0
Frank Hofmann (Volkach),1,0,0,0,0
Frank Junge,0,1,1,1,0
Frank Magnitz,0,0,1,0,0
Frank Müller-Rosentritt,0,0,1,1,0
Frank Pasemann,0,0,1,0,0
Frank Rinck,0,0,0,1,0
Frank Schwabe,1,1,1,1,0
Frank Schäffler,1,0,1,1,0
Frank Sitta,0,0,1,0,0
Frank Steffel,0,0,1,0,0
Frank Tempel,1,1,0,0,0
Frank Ullrich,0,0,0,1,0
Franz Müntefering,1,0,0,0,0
Franz Obermeier,1,0,0,0,0
Franz Thönnes,1,1,0,0,0
Franz-Josef Holzenkamp,1,1,0,0,0
Franziska Gminder,0,0,1,0,0
Franziska Hoppermann,0,0,0,1,0
Franziska Mascheck,0,0,0,1,0
Frauke Heiligenstadt,0,0,0,1,0
Frhr. Von Christian Stetten,0,1,0,0,0
Friedhelm Boginski,0,0,0,1,0
Friedrich Merz,0,0,0,1,0
Friedrich Ostendorff,1,1,1,0,0
Friedrich Straetmanns,0,0,1,0,0
Fritz Güntzler,0,1,1,1,0
Fritz Kuhn,1,0,0,0,0
Fritz Rudolf Körper,1,0,0,0,0
Gabi Weber,0,1,1,0,0
Gabriela Heinrich,0,1,1,1,0
Gabriele Fograscher,1,1,0,0,0
Gabriele Groneberg,1,1,0,0,0
Gabriele Hiller-Ohm,1,1,1,0,0
Gabriele Katzmarek,0,1,1,1,0
Gabriele Lösekrug-Möller,1,1,0,0,0
Gabriele Molitor,1,0,0,0,0
Gabriele Schmidt (Ühlingen),0,1,0,0,0
Georg Schirmbeck,1,0,0,0,0
Gerald Ullrich,0,0,1,1,0
Gerd Bollmann,1,0,0,0,0
Gerda Hasselfeldt,1,1,0,0,0
Gereon Bollmann,0,0,0,1,0
Gerhard Drexler,1,0,0,0,0
Gerhard Johann Drexler,1,0,0,0,0
Gerhard Zickenheiner,0,0,1,0,0
Gero Storjohann,1,1,1,1,0
Gerold Otten,0,0,1,1,0
Gerold Reichenbach,1,1,0,0,0
Gerrit Huy,0,0,0,1,0
Gisela Manderla,0,1,1,0,0
Gisela Piltz,1,0,0,0,0
Gitta Connemann,1,1,1,1,0
Grigorios Aggelidis,0,0,1,0,0
Gudrun Kopp,1,0,0,0,0
Gudrun Zollner,0,1,0,0,0
Gunther Krichbaum,1,1,1,1,0
Gustav Herzog,1,1,1,0,0
Gyde Jensen,0,0,1,1,0
Gökay Akbulut,0,0,1,1,0
Gülistan Yüksel,0,1,1,1,0
Günter Baumann,1,1,0,0,0
Günter Gloser,1,0,0,0,0
Günter Lach,1,1,0,0,0
Hagen Reinhold,1,0,1,1,0
Hakan Demir,0,0,0,1,0
Halina Wawzyniak,1,1,0,0,0
Hanna Steinmüller,0,0,0,1,0
Hannes Gnauck,0,0,0,1,0
Hannes Walter,0,0,0,1,0
Hans-Christian Ströbele,1,1,0,0,0
Hans-Georg von der Marwitz,1,1,1,0,0
Hans-Joachim Fuchtel,1,1,1,0,0
Hans-Joachim Hacker,1,0,0,0,0
Hans-Joachim Otto (Frankfurt),1,0,0,0,0
Hans-Josef Fell,1,0,0,0,0
Hans-Jürgen Irmer,0,0,1,0,0
Hans-Jürgen Thies,0,0,1,1,0
Hans-Michael Goldmann,1,0,0,0,0
Hans-Ulrich Klose,1,0,0,0,0
Hans-Werner Ehrenberg,1,0,0,0,0
Hans-Werner Kammer,1,1,0,0,0
Hansjörg Durz,0,1,1,1,0
Hansjörg Müller,0,0,1,0,0
Harald Ebner,1,1,1,1,0
Harald Koch,1,0,0,0,0
Harald Leibrecht,1,0,0,0,0
Harald Petzold (Havelland),0,1,0,0,0
Harald Weinberg,1,1,1,0,0
Hartfrid Wolff (Rems-Murr),1,0,0,0,0
Hartmut Ebbing,0,0,1,0,0
Hartmut Koschyk,1,1,0,0,0
Hartwig Fischer (Göttingen),1,0,0,0,0
Heidemarie Wieczorek-Zeul,1,0,0,0,0
Heidi Reichinnek,0,0,0,1,0
Heidrun Bluhm,1,1,1,0,0
Heidrun Bluhm-Förster,0,0,1,0,0
Heidrun Dittrich,1,0,0,0,0
Heidtrud Henn,0,1,0,0,0
Heike Baehrens,0,1,1,1,0
Heike Brehmer,1,1,1,1,0
Heike Engelhardt,0,0,0,1,0
Heike Heubach,0,0,0,1,0
Heike Hänsel,1,1,1,0,0
Heiko Maas,0,0,1,1,0
Heiko Schmelzle,0,1,0,0,0
Heiner Kamp,1,0,0,0,0
Heinrich Zertik,0,1,0,0,0
Heinz Golombeck,1,0,0,0,0
Heinz Lanfermann,1,0,0,0,0
Heinz Paula,1,0,0,0,0
Heinz Wiese (Ehingen),0,1,0,0,0
Heinz-Joachim Barchmann,1,1,0,0,0
Heinz-Peter Haustein,1,0,0,0,0
Helga Daub,1,0,0,0,0
Helga Kühn-Mengel,0,1,0,0,0
Helge Limburg,0,0,0,1,0
Helge Lindh,0,0,1,1,0
Helin Evrim Sommer,0,0,1,0,0
Helmut Brandt,1,1,0,0,0
Helmut Heiderich,1,1,0,0,0
Helmut Kleebank,0,0,0,1,0
Helmut Nowak,0,1,0,0,0
Henning Otte,1,1,1,1,0
Henning Rehbaum,0,0,0,1,0
Herbert Behrens,1,1,0,0,0
Herbert Frankenhauser,1,0,0,0,0
Hermann Färber,0,1,1,1,0
Hermann Gröhe,1,1,1,1,0
Hilde Mattheis,1,1,1,0,0
Hiltrud Lotze,0,1,1,0,0
Holger Krestel,1,0,0,0,0
Holger Mann,0,0,0,1,0
Holger Ortel,1,0,0,0,0
HonD Albert Weiler,0,1,0,0,0
Horst Meierhofer,1,0,0,0,0
Hubert Hüppe,1,1,0,1,0
Hubertus Heil (Peine),1,1,1,1,0
Hubertus Zdebel,0,1,1,0,0
Ilse Aigner,1,0,0,0,0
Ina Latendorf,0,0,0,1,0
Ingbert Liebing,1,1,0,0,0
Inge Höger,1,1,0,0,0
Ingmar Jung,0,0,1,1,0
Ingo Bodtke,0,0,0,1,0
Ingo Egloff,1,0,0,0,0
Ingo Gädechens,1,1,1,1,0
Ingo Schäfer,0,0,0,1,0
Ingo Wellenreuther,1,1,1,1,0
Ingrid Arndt-Brauer,1,1,1,0,0
Ingrid Fischbach,1,1,0,0,0
Ingrid Hönlinger,1,0,0,0,0
Ingrid Nestle,0,0,1,0,0
Ingrid Pahlmann,0,1,1,1,0
Ingrid Remmers,1,0,1,0,0
Irene Mihalic,0,1,1,0,0
Iris Eberl,0,1,0,0,0
Iris Gleicke,1,1,0,0,0
Iris Ripsam,0,1,0,0,0
Isabel Cademartori Dujisin,0,0,0,1,0
Isabel Mackensen,0,0,1,0,0
Isabel Mackensen-Geis,0,0,1,1,0
Jakob Blankenburg,0,0,0,1,0
Jamila Schäfer,0,0,0,1,0
Jan Dieren,0,0,0,1,0
Jan Korte,1,1,1,1,0
Jan Metzler,0,1,1,1,0
Jan Mücke,1,0,0,0,0
Jan Plobner,0,0,0,1,0
Jan Ralf Nolte,0,0,1,1,0
Jan Wenzel Schmidt,0,0,0,1,0
Jan van Aken,1,1,0,0,0
Jana Schimke,0,1,1,1,0
Janine Wissler,0,0,0,1,0
Janosch Dahmen,0,0,1,0,0
Jasmina Hostert,0,0,0,1,0
Jeannine Pflugradt,0,1,0,0,0
Jens Ackermann,1,0,0,0,0
Jens Beeck,0,0,1,1,0
Jens Kestner,0,0,1,0,0
Jens Koeppen,1,1,1,1,0
Jens Lehmann,0,0,1,1,0
Jens Maier,0,0,1,0,0
Jens Peick,0,0,0,1,0
Jens Petermann,1,0,0,0,0
Jens Spahn,1,1,1,1,0
Jens Teutrine,0,0,0,1,0
Jerzy Montag,1,0,0,0,0
Jessica Rosenthal,0,0,0,1,0
Jessica Tatti,0,0,1,1,0
Jimmy Schulz,1,0,1,0,0
Joachim Günther (Plauen),1,0,0,0,0
Joachim Hörster,1,0,0,0,0
Joachim Poß,1,1,0,0,0
Joachim Spatz,1,0,0,0,0
Joachim Wundrak,0,0,0,1,0
Joana Cotar,0,0,1,1,0
Joana Eleonora Cotar,0,0,1,0,0
Jochen Haug,0,0,1,1,0
Johann Saathoff,0,1,1,1,0
Johanna Voß,1,0,0,0,0
Johannes Arlt,0,0,0,1,0
Johannes F. Kretschmann,0,0,0,1,0
Johannes Huber,0,0,1,1,0
Johannes Kahrs,1,1,1,0,0
Johannes Pflug,1,0,0,0,0
Johannes Röring,1,1,1,0,0
Johannes Schraps,0,0,1,1,0
Johannes Schätzl,0,0,0,1,0
Johannes Selle,1,1,1,0,0
Johannes Singhammer,1,1,0,0,0
Johannes Steiniger,0,1,1,1,0
Johannes Vogel,0,0,0,1,0
Johannes Vogel (Lüdenscheid),1,0,1,0,0
Johannes Vogel (Olpe),0,0,1,1,0
Johannes Wagner,0,0,0,1,0
Josef Göppel,1,1,0,0,0
Josef Oster,0,0,1,1,0
Josef Philip Winkler,1,0,0,0,0
Josef Rief,1,1,1,1,0
Josephine Ortleb,0,0,1,1,0
Josip Juratovic,1,1,1,1,0
Judith Skudelny,1,0,1,1,0
Julia Bartz,0,1,0,0,0
Julia Klöckner,0,0,0,1,0
Julia Obermeier,0,1,0,0,0
Julia Verlinden,0,1,0,0,0
Julian Grünke,0,0,0,1,0
Julian Pahlke,0,0,0,1,0
Jutta Eckenbach,0,1,0,0,0
Jutta Krellmann,1,1,1,0,0
Jörg Cezanne,0,0,1,1,0
Jörg Hellmuth,0,1,0,0,0
Jörg Nürnberger,0,0,0,1,0
Jörg Schneider,0,0,1,1,0
Jörg van Essen,1,0,0,0,0
Jörg von Polheim,1,0,0,0,0
Jörn König,0,0,1,1,0
Jörn Wunderlich,1,1,0,0,0
Jürgen Berghahn,0,0,0,1,0
Jürgen Braun,0,0,1,1,0
Jürgen Coße,0,1,0,1,0
Jürgen Hardt,1,1,1,1,0
Jürgen Klimke,1,1,0,0,0
Jürgen Kretz,0,0,0,1,0
Jürgen Lenders,0,0,0,1,0
Jürgen Pohl,0,0,1,1,0
Jürgen Trittin,1,1,1,1,0
Kai Gehring,1,1,1,1,0
Kai Wegner,1,1,1,0,0
Kai Whittaker,0,1,1,1,0
Karin Binder,1,1,0,0,0
Karin Evers-Meyer,1,1,0,0,0
Karin Maag,1,1,1,0,0
Karin Roth (Esslingen),1,0,0,0,0
Karin Strenz,1,1,1,0,0
Karl Bär,0,0,0,1,0
Karl Holmeier,1,1,1,0,0
Karl Schiewerling,1,1,0,0,0
Karl-Georg Wellmann,1,1,0,0,0
Karl-Heinz Wange,0,1,0,0,0
Karlheinz Busen,0,0,1,1,0
Karoline Otte,0,0,0,1,0
Karsten Hilse,0,0,1,1,0
Karsten Klein,0,0,1,1,0
Karsten Möring,0,1,1,0,0
Kassem Taher Saleh,0,0,0,1,0
Katharina Beck,0,0,0,1,0
Katharina Dröge,0,1,1,1,0
Katharina Kloke,0,0,1,0,0
Katharina Landgraf,1,1,1,0,0
Katharina Willkomm,0,0,1,1,0
Katherina Reiche (Potsdam),1,1,0,0,0
Kathrin Henneberger,0,0,0,1,0
Kathrin Michel,0,0,0,1,0
Kathrin Rösel,0,1,0,0,0
Kathrin Senger-Schäfer,1,0,0,0,0
Kathrin Vogler,1,1,1,1,0
Katja Adler,0,0,0,1,0
Katja Dörner,1,1,1,0,0
Katja Hessel,0,0,1,1,0
Katja Keul,1,1,1,1,0
Katja Kipping,1,1,1,1,0
Katja Mast,1,1,1,1,0
Katja Suding,0,0,1,0,0
Katrin Albsteiger,0,1,0,0,0
Katrin Budde,0,0,1,1,0
Katrin Göring-Eckardt,1,1,1,1,0
Katrin Helling-Plahr,0,0,1,1,0
Katrin Kunert,1,1,0,0,0
Katrin Staffler,0,0,1,1,0
Katrin Uhlig,0,0,0,1,0
Katrin Werner,1,1,1,0,0
Katrin Zschau,0,0,0,1,0
Kaweh Mansoori,0,0,0,1,0
Kay Gottschalk,0,0,1,1,0
Kay-Uwe Ziegler,0,0,0,1,0
Kees de Vries,0,1,1,0,0
Kersten Steinke,1,1,1,0,0
Kerstin Andreae,1,1,1,0,0
Kerstin Griese,1,1,1,1,0
Kerstin Kassner,0,1,1,0,0
Kerstin Müller (Köln),1,0,0,0,0
Kerstin Radomski,0,1,1,1,0
Kerstin Tack,1,1,1,0,0
Kerstin Vieregge,0,0,1,1,0
Kevin Kühnert,0,0,0,1,0
Kevin Leiser,0,0,0,1,0
Kirsten Lühmann,1,1,1,0,0
Klaus Barthel,1,1,0,0,0
Klaus Brandner,1,0,0,0,0
Klaus Breil,1,0,0,0,0
Klaus Brähmig,1,1,0,0,0
Klaus Ernst,1,1,1,1,0
Klaus Hagemann,1,0,0,0,0
Klaus Mack,0,0,0,1,0
Klaus Mindrup,0,1,1,0,0
Klaus Riegert,1,0,0,0,0
Klaus Stöber,0,0,0,1,0
Klaus-Dieter Gröhler,0,1,1,0,0
Klaus-Peter Flosbach,1,1,0,0,0
Klaus-Peter Willsch,1,1,1,1,0
Knut Abraham,0,0,0,1,0
Knut Gerschau,0,0,0,1,0
Konrad Stockmeier,0,0,0,1,0
Konstantin Elias Kuhle,0,0,1,0,0
Konstantin Kuhle,0,0,1,1,0
Kordula Kovac,0,1,1,0,0
Kordula Schulz-Asche,0,1,1,1,0
Kornelia Möller,1,0,0,0,0
Krista Sager,1,0,0,0,0
Kristina Nordt,0,0,1,0,0
Kristine Lütke,0,0,0,1,0
Lamya Kaddor,0,0,0,1,0
Lars  Lindemann,1,0,0,0,0
Lars Herrmann,0,0,1,0,0
Lars Klingbeil,1,1,1,1,0
Lars Lindemann,1,0,0,1,0
Lars Rohwer,0,0,0,1,0
Laura Kraft,0,0,0,1,0
Leif-Erik Holm,0,0,1,1,0
Lena Strothmann,1,1,0,0,0
Lena Werner,0,0,0,1,0
Leni Breymaier,0,0,1,1,0
Lennard Oehl,0,0,0,1,0
Leon Eckert,0,0,0,1,0
Linda Heitmann,0,0,0,1,0
Linda Teuteberg,0,0,1,1,0
Lisa Badum,0,0,1,1,0
Lisa Paus,1,1,1,1,0
Lorenz Gösta Beutin,0,0,1,0,0
Lothar Binding (Heidelberg),1,1,1,0,0
Lothar Riebsamen,1,1,1,0,0
Lucia Schanbacher,0,0,0,1,0
Luise Amtsberg,0,1,1,1,0
Luiza Licina-Bode,0,0,0,1,0
Lukas Benner,0,0,0,1,0
Macit Karaahmetoglu,0,0,0,1,0
Macit Karaahmetoğlu,0,0,0,1,0
Mahmut Özdemir (Duisburg),0,1,1,1,0
Maik Außendorf,0,0,0,1,0
Maik Beermann,0,1,1,0,0
Maika Friemann-Jennert,0,0,1,0,0
Maja Wallstein,0,0,0,1,0
Manfred Behrens (Börde),1,1,1,0,0
Manfred Grund,1,1,1,1,0
Manfred Kolbe,1,0,0,0,0
Manfred Nink,1,0,0,0,0
Manfred Schiller,0,0,0,1,0
Manfred Todtenhausen,1,0,1,1,0
Manfred Zöllmer,1,1,0,0,0
Manuel Gava,0,0,0,1,0
Manuel Höferlin,1,0,1,1,0
Manuel Sarrazin,1,1,1,0,0
Marc Bernhard,0,0,1,1,0
Marc Biadacz,0,0,1,1,0
Marc Henrichmann,0,0,1,1,0
Marcel Emmerich,0,0,1,1,0
Marco Buschmann,1,0,0,0,0
Marco Bülow,1,1,1,0,0
Marco Wanderwitz,1,1,1,1,0
Marcus Bühl,0,0,1,1,0
Marcus Held,0,1,1,0,0
Marcus Weinberg (Hamburg),1,1,1,0,0
Mareike Lotte Wulf,0,0,0,1,0
Margaret Horb,0,1,0,0,0
Margarete Bause,0,0,1,0,0
Margit Stumpp,0,0,1,0,0
Maria  Klein-Schmeink,1,0,0,0,0
Maria Klein-Schmeink,1,1,1,1,0
Maria Michalk,1,1,0,0,0
Maria-Lena Weiss,0,0,0,1,0
Marian Wendt,0,1,1,0,0
Mariana Iris Harder-Kühnel,0,0,1,1,0
Marianne Schieder,0,1,1,1,0
Marianne Schieder (Schwandorf),1,1,0,0,0
Marie-Luise Dött,1,1,1,0,0
Marieluise Beck (Bremen),1,1,0,0,0
Marina Kermer,0,1,0,0,0
Marina Schuster,1,0,0,0,0
Mario Brandenburg,0,0,1,0,0
Mario Brandenburg (Südpfalz),0,0,1,1,0
Mario Czaja,0,0,0,1,0
Mario Mieruch,0,0,1,0,0
Marion Marga Herdan,0,1,0,0,0
Marja-Liisa Völlers,0,0,1,1,0
Mark Hauptmann,0,1,1,0,0
Mark Helfrich,0,1,1,1,0
Markus Frohnmaier,0,0,1,1,0
Markus Grübel,1,1,1,1,0
Markus Herbrand,0,0,1,1,0
Markus Hümpfer,0,0,0,1,0
Markus Koob,0,1,1,1,0
Markus Kurth,1,1,1,1,0
Markus Paschke,0,1,1,0,0
Markus Tressel,1,1,1,0,0
Markus Töns,0,0,1,1,0
Markus Uhl,0,0,1,1,0
Marlene Mortler,1,1,1,0,0
Marlene Rupprecht (Tuchenbach),1,0,0,0,0
Marlene Schönberger,0,0,0,1,0
Martin Burkert,1,1,1,0,0
Martin Diedenhofen,0,0,0,1,0
Martin Dörmann,1,1,0,0,0
Martin Erwin Renner,0,0,1,1,0
Martin Gassner-Herz,0,0,0,1,0
Martin Gerster,1,1,1,1,0
Martin Hebner,0,0,1,0,0
Martin Hess,0,0,1,1,0
Martin Hohmann,0,0,1,0,0
Martin Kröber,0,0,0,1,0
Martin Patzelt,0,1,1,0,0
Martin Rabanus,0,1,1,1,0
Martin Reichardt,0,0,1,1,0
Martin Schulz,0,0,1,0,0
Martin Sichert,0,0,1,1,0
Martina Englhardt-Kopf,0,0,0,1,0
Martina Renner,0,1,1,1,0
Martina Stamm-Fibich,0,1,1,1,0
Matern von Marschall,0,1,1,0,0
Mathias Papendieck,0,0,0,1,0
Mathias Stein,0,0,1,1,0
Matthias Büttner,0,0,1,0,0
Matthias David Mieves,0,0,0,1,0
Matthias Gastel,0,1,1,1,0
Matthias Hauer,0,1,1,1,0
Matthias Helferich,0,0,0,1,0
Matthias Höhn,0,0,1,0,0
Matthias Ilgen,0,1,0,0,0
Matthias Lietz,1,1,0,0,0
Matthias Moosdorf,0,0,0,1,0
Matthias Nölke,0,0,1,0,0
Matthias Schmidt (Berlin),0,1,0,0,0
Matthias Seestern-Pauly,0,0,1,1,0
Matthias W. Birkwald,1,1,1,1,0
Matthäus Strebl,0,1,0,0,0
Max Lucks,0,0,0,1,0
Max Straubinger,1,1,1,1,0
Maximilian Funke-Kaiser,0,0,0,1,0
Maximilian Mordhorst,0,0,0,1,0
Maximilian Mörseburg,0,0,0,1,0
Mechthild Dyckmans,1,0,0,0,0
Mechthild Heil,1,1,1,1,0
Mechthild Rawert,1,1,1,0,0
Mechthilde Wittmann,0,0,0,1,0
Melanie Bernstein,0,0,1,1,0
Melanie Wegling,0,0,0,1,0
Melis Sekmen,0,0,0,1,0
Memet Kilic,1,0,0,0,0
Merle Spellerberg,0,0,0,1,0
Metin Hakverdi,0,1,1,1,0
Michael Brand,1,1,0,0,0
Michael Brand (Fulda),0,0,1,1,0
Michael Breilmann,0,0,0,1,0
Michael Donth,0,1,1,1,0
Michael Frieser,1,1,1,1,0
Michael Georg Link (Heilbronn),0,0,1,1,0
Michael Gerdes,1,1,1,1,0
Michael Glos,1,0,0,0,0
Michael Grosse-Brömer,1,1,1,1,0
Michael Groß,1,1,1,0,0
Michael Hartmann (Wackernheim),1,1,0,0,0
Michael Hennrich,1,1,1,1,0
Michael Kauch,1,0,0,0,0
Michael Kellner,0,0,0,1,0
Michael Kießling,0,0,1,1,0
Michael Kretschmer,1,1,0,0,0
Michael Kruse,0,0,0,1,0
Michael Kuffer,0,0,1,0,0
Michael Leutert,1,1,1,0,0
Michael Link (Heilbronn),1,0,1,0,0
Michael Müller,0,0,0,1,0
Michael Roth (Heringen),1,1,1,1,0
Michael Sacher,0,0,0,1,0
Michael Schlecht,1,1,0,0,0
Michael Schrodi,0,0,1,1,0
Michael Stübgen,1,1,1,0,0
Michael Theurer,0,0,1,1,0
Michael Thews,0,1,1,1,0
Michael Vietz,0,1,0,0,0
Michaela Engelmeier,0,1,0,0,0
Michaela Engelmeier-Heite,0,1,0,0,0
Michaela Noll,1,1,1,0,0
Michel Brandt,0,0,1,0,0
Michelle Müntefering,0,1,1,1,0
Mike Moncsek,0,0,0,1,0
Miriam Gruß,1,0,0,0,0
Misbah Khan,0,0,0,1,0
Monika Grütters,1,1,1,1,0
Monika Lazar,1,1,1,0,0
Moritz Oppelt,0,0,0,1,0
Muhanad Al-Halak,0,0,0,1,0
Nadine Heselhaus,0,0,0,1,0
Nadine Ruf,0,0,0,1,0
Nadine Schön,0,0,1,1,0
Nadine Schön  (St. Wendel),1,0,0,0,0
Nadine Schön (St. Wendel),1,1,0,0,0
Nadja Sthamer,0,0,0,1,0
Natalie Pawlik,0,0,0,1,0
Nezahat Baradari,0,0,1,1,0
Nico Tippelt,0,0,0,1,0
Nicola Beer,0,0,1,0,0
Nicolas Zippelius,0,0,0,1,0
Nicole Bauer,0,0,1,1,0
Nicole Bracht-Bendt,1,0,0,0,0
Nicole Gohlke,1,1,1,1,0
Nicole Höchst,0,0,1,1,0
Nicole Maisch,1,1,0,0,0
Nicole Westig,0,0,1,1,0
Niels Annen,0,1,1,1,0
Niema Movassat,1,1,1,0,0
Niklas Wagener,0,0,0,1,0
Nikolas Löbel,0,0,1,0,0
Nils Gründer,0,0,0,1,0
Nina Stahr,0,0,0,1,0
Nina Warken,0,1,1,1,0
Norbert Barthle,1,1,1,0,0
Norbert Brackmann,1,1,1,0,0
Norbert Geis,1,0,0,0,0
Norbert Kleinwächter,0,0,1,1,0
Norbert Maria Altenkamp,0,0,1,1,0
Norbert Müller (Potsdam),0,1,1,0,0
Norbert Schindler,1,1,0,0,0
Norbert Spinrath,0,1,0,0,0
Nyke Slawik,0,0,0,1,0
Olaf In der Beek,0,0,1,1,0
Olaf Scholz,0,0,0,1,0
Olav Gutting,1,1,1,1,0
Oliver Grundmann,0,1,1,1,0
Oliver Kaczmarek,1,1,1,1,0
Oliver Krischer,1,1,1,1,0
Oliver Luksic,1,0,1,1,0
Oliver Wittke,0,1,1,0,0
Omid Nouripour,1,1,1,1,0
Oswin Veith,0,1,1,0,0
Ottmar Schreiner,1,0,0,0,0
Ottmar von Holtz,0,0,1,1,0
Otto Fricke,1,0,1,1,0
Parsa Marvi,0,0,0,1,0
Pascal Kober,1,0,1,1,0
Pascal Meiser,0,0,1,1,0
Patricia Lips,1,1,1,1,0
Patrick Döring,1,0,0,0,0
Patrick Kurth (Kyffhäuser),1,0,0,0,0
Patrick Meinhardt,1,0,0,0,0
Patrick Schnieder,1,1,1,1,0
Paul Lehrieder,1,1,1,1,0
Paul Schäfer (Köln),1,0,0,0,0
Paul Viktor Podolay,0,0,1,0,0
Paul Ziemiak,0,0,1,1,0
Peer Steinbrück,1,1,0,0,0
Peggy Schierenbeck,0,0,0,1,0
Peter Altmaier,1,1,1,0,0
Peter Aumer,1,0,1,1,0
Peter Beyer,1,1,1,1,0
Peter Bleser,1,1,1,0,0
Peter Boehringer,0,0,1,1,0
Peter Felser,0,0,1,1,0
Peter Götz,1,0,0,0,0
Peter Heidt,0,0,1,1,0
Peter Hintze,1,1,0,0,0
Peter Meiwald,0,1,0,0,0
Peter Stein,0,1,0,0,0
Peter Stein (Rostock),0,0,1,0,0
Peter Weiß (Emmendingen),1,1,1,0,0
Peter Wichtel,1,1,0,0,0
Petr Bystron,0,0,1,1,0
Petra  Pau,1,0,0,0,0
Petra Crone,1,1,0,0,0
Petra Ernstberger,1,1,0,0,0
Petra Hinz (Essen),1,1,0,0,0
Petra Merkel (Berlin),1,0,0,0,0
Petra Müller (Aachen),1,0,0,0,0
Petra Nicolaisen,0,0,1,1,0
Petra Pau,1,1,1,1,0
Petra Rode-Bosse,0,1,0,0,0
Philip Krämer,0,0,0,1,0
Philipp Amthor,0,0,1,1,0
Philipp Graf Lerchenfeld,0,1,0,0,0
Philipp Hartewig,0,0,0,1,0
Philipp Mißfelder,1,1,0,0,0
Pia Zimmermann,0,1,1,0,0
Priska Hinz (Herborn),1,0,0,0,0
Rainer Arnold,1,1,0,0,0
Rainer Brüderle,1,0,0,0,0
Rainer Erdel,1,0,0,0,0
Rainer Hajek,0,1,0,0,0
Rainer Johannes Keller,0,0,0,1,0
Rainer Semet,0,0,0,1,0
Rainer Spiering,0,1,1,0,0
Raju Sharma,1,0,0,0,0
Ralf Kapschack,0,1,1,0,0
Ralph Brinkhaus,1,1,1,1,0
Ralph Edelhäußer,0,0,0,1,0
Ralph Lenkert,1,1,1,1,0
Rasha Nasr,0,0,0,1,0
Rebecca Schamber,0,0,0,1,0
Reem Alabali-Radovan,0,0,0,1,0
Reginald Hanke,0,0,1,1,0
Reiner  Deutschmann,1,0,0,0,0
Reiner Deutschmann,1,0,0,0,0
Reiner Meier,0,1,0,0,0
Reinhard Grindel,1,1,0,0,0
Reinhard Houben,0,0,1,1,0
Reinhold Jost,0,1,0,0,0
Reinhold Sendker,1,1,1,0,0
Renata Alt,0,0,1,1,0
Renate Künast,1,1,1,1,0
René Bochmann,0,0,0,1,0
René Röspel,1,1,1,0,0
René Springer,0,0,1,1,0
Ria Schröder,0,0,0,1,0
Ricarda Lang,0,0,0,1,0
Richard Pitterle,1,1,0,0,0
Rita Hagl-Kehl,0,1,1,1,0
Rita Pawelski,1,0,0,0,0
Rita Schwarzelühr-Sutter,1,1,1,1,0
Rita Stockhofe,0,1,0,0,0
Robert Farle,0,0,0,1,0
Robert Hochbaum,1,1,0,0,0
Robin Mesarosch,0,0,0,1,0
Robin Wagener,0,0,0,1,0
Roderich Kiesewetter,1,1,1,1,0
Roger Beckamp,0,0,0,1,0
Roland Claus,1,1,0,0,0
Rolf Hempelmann,1,0,0,0,0
Rolf Schwanitz,1,0,0,0,0
Roman Johannes Reusch,0,0,1,0,0
Roman Müller-Böhm,0,0,1,0,0
Ronald Pofalla,1,1,0,0,0
Ronja Kemmer,0,1,1,1,0
Ronja Schmitt,0,1,0,0,0
Ronja Schmitt (Althengstett),0,1,0,0,0
Rudolf Henke,1,1,1,0,0
Ruppert Stüwe,0,0,0,1,0
Ruprecht Polenz,1,0,0,0,0
Rüdiger Kruse,1,1,1,0,0
Rüdiger Lucassen,0,0,1,1,0
Rüdiger Veit,1,1,0,0,0
Sabine Bätzing-Lichtenthäler,1,1,0,0,0
Sabine Dittmar,0,1,1,1,0
Sabine Grützmacher,0,0,0,1,0
Sabine Leidig,1,1,1,0,0
Sabine Leutheusser-Schnarrenberger,1,0,0,0,0
Sabine Poschmann,0,1,1,1,0
Sabine Stüber,1,0,0,0,0
Sabine Weiss (Wesel I),1,1,1,1,0
Sabine Zimmermann,1,0,0,0,0
Sabine Zimmermann (Zwickau),0,1,1,0,0
Sahra Wagenknecht,1,0,0,0,0
Sanae Abdi,0,0,0,1,0
Sandra Bubendorfer-Licht,0,0,1,1,0
Sandra Weeser,0,0,1,1,0
Sara Nanni,0,0,0,1,0
Sarah Lahrkamp,0,0,0,1,0
Sarah Ryglewski,0,1,1,1,0
Sascha Müller,0,0,0,1,0
Saskia Esken,0,1,1,1,0
Saskia Weishaupt,0,0,0,1,0
Schahina Gambir,0,0,0,1,0
Sebastian Blumenthal,1,0,0,0,0
Sebastian Brehm,0,0,1,1,0
Sebastian Edathy,1,0,0,0,0
Sebastian Fiedler,0,0,0,1,0
Sebastian Hartmann,0,1,1,1,0
Sebastian Körber,1,0,0,0,0
Sebastian Münzenmaier,0,0,1,1,0
Sebastian Roloff,0,0,0,1,0
Sebastian Steineke,0,1,1,0,0
Sepp Müller,0,0,1,1,0
Serap Güler,0,0,0,1,0
Serkan Tören,1,0,0,0,0
Sevim Dagdelen,1,1,1,1,0
Sevim Dağdelen,0,0,0,1,0
Sibylle Laurischk,1,0,0,0,0
Sibylle Pfeiffer,1,1,0,0,0
Siegbert Droese,0,0,1,0,0
Siegfried Kauder (Villingen-Schw.),1,0,0,0,0
Siegfried Kauder (Villingen-Schwenningen),1,0,0,0,0
Siegmund Ehrmann,1,1,0,0,0
Siemtje Möller,0,0,1,1,0
Sigmar Gabriel,1,1,1,0,0
Sigrid Hupach,0,1,0,0,0
Silke Launert,0,1,0,0,0
Silvia Breher,0,0,1,1,0
Silvia Schmidt (Eisleben),1,0,0,0,0
Simona Koß,0,0,0,1,0
Simone Barrientos,0,0,1,0,0
Simone Borchardt,0,0,0,1,0
Sonja Amalie Steffen,0,0,1,0,0
Sonja Eichwede,0,0,0,1,0
Sonja Steffen,1,1,0,0,0
Stefan Gelbhaar,0,0,1,1,0
Stefan Keuter,0,0,1,1,0
Stefan Liebich,1,1,1,0,0
Stefan Müller (Erlangen),1,1,1,1,0
Stefan Rebmann,1,1,0,0,0
Stefan Rouenhoff,0,0,1,1,0
Stefan Sauer,0,0,1,0,0
Stefan Schmidt,0,0,1,1,0
Stefan Schwartze,1,1,1,1,0
Stefan Seidler,0,0,0,1,0
Stefan Wenzel,0,0,0,1,0
Stefan Zierke,0,1,1,1,0
Stefanie Vogelsang,1,0,0,0,0
Steffen Bilger,1,1,1,1,0
Steffen Bockhahn,1,0,0,0,0
Steffen Janich,0,0,0,1,0
Steffen Kampeter,1,1,0,0,0
Steffen Kanitz,0,1,0,0,0
Steffen Kotré,0,0,1,1,0
Steffen-Claudio Lemme,1,1,0,0,0
Steffi Lemke,0,1,1,1,0
Stephan Albani,0,1,1,1,0
Stephan Brandner,0,0,1,1,0
Stephan Kühn,1,0,0,0,0
Stephan Kühn (Dresden),0,1,1,0,0
Stephan Mayer (Altötting),1,1,1,1,0
Stephan Pilsinger,0,0,1,1,0
Stephan Protschka,0,0,1,1,0
Stephan Stracke,1,1,1,1,0
Stephan Thomae,1,0,1,1,0
Stephanie Aeffner,0,0,0,1,0
Susann Rüthrich,0,1,1,0,0
Susanna Karawanskij,0,1,0,0,0
Susanne Ferschl,0,0,1,1,0
Susanne Hennig-Wellsow,0,0,0,1,0
Susanne Hierl,0,0,0,1,0
Susanne Kickbusch,1,0,0,0,0
Susanne Kieckbusch,1,0,0,0,0
Susanne Menge,0,0,0,1,0
Susanne Mittag,0,1,1,1,0
Susanne Wetterich,0,0,1,0,0
Sven Lehmann,0,0,1,1,0
Sven Volmering,0,1,0,0,0
Sven-Christian Kindler,1,1,1,1,0
Svenja Schulze,0,0,0,1,0
Svenja Stadler,0,1,1,1,0
Swantje Henrike Michaelsen,0,0,0,1,0
Swen Schulz (Spandau),1,1,1,0,0
Sybille Benning,0,1,1,0,0
Sylvia Canel,1,0,0,0,0
Sylvia Gabelmann,0,0,1,0,0
Sylvia Jörrißen,0,1,0,0,0
Sylvia Kotting-Uhl,1,1,1,0,0
Sylvia Lehmann,0,0,1,1,0
Sylvia Pantel,0,1,1,0,0
Sönke Rix,1,1,1,1,0
Sören Bartol,1,1,1,1,0
Sören Pellmann,0,0,1,1,0
Tabea Rößner,1,1,1,1,0
Takis Mehmet Ali,0,0,0,1,0
Tankred Schipanski,1,1,1,0,0
Tessa Ganserer,0,0,0,1,0
Thilo Hoppe,1,0,0,0,0
Thomas Bareiß,1,1,1,1,0
Thomas Dietz,0,0,0,1,0
Thomas Dörflinger,1,1,0,0,0
Thomas Ehrhorn,0,0,1,1,0
Thomas Erndl,0,0,1,1,0
Thomas Hacker,0,0,1,1,0
Thomas Heilmann,0,0,1,1,0
Thomas Hitschler,0,1,1,1,0
Thomas Jarzombek,1,1,1,1,0
Thomas Jurk,0,1,1,0,0
Thomas Kossendey,1,0,0,0,0
Thomas L. Kemmerich,0,0,1,0,0
Thomas Lutze,1,1,1,1,0
Thomas Mahlberg,0,1,0,0,0
Thomas Nord,1,1,1,0,0
Thomas Oppermann,1,1,1,0,0
Thomas Rachel,1,1,1,1,0
Thomas Röwekamp,0,0,0,1,0
Thomas Seitz,0,0,1,1,0
Thomas Silberhorn,1,1,1,1,0
Thomas Stritzl,0,1,0,0,0
Thomas Strobl (Heilbronn),1,1,0,0,0
Thomas Viesehon,0,1,1,0,0
Thorsten Frei,0,1,1,1,0
Thorsten Hoffmann (Dortmund),0,1,0,0,0
Till Mansmann,0,0,1,1,0
Tilman Kuban,0,0,0,1,0
Tilman Moritz Kuban,0,0,0,1,0
Tim Klüssendorf,0,0,0,1,0
Tim Wagner,0,0,0,1,0
Timo Schisanowski,0,0,0,1,0
Timon Gremmels,0,0,1,1,0
Tina Rudolph,0,0,0,1,0
Tina Winklmann,0,0,0,1,0
Tino Chrupalla,0,0,1,1,0
Tino Sorge,0,1,1,1,0
Tobias B. Bacherle,0,0,0,1,0
Tobias Bacherle,0,0,0,1,0
Tobias Matthias Peterka,0,0,1,1,0
Tobias Pflüger,0,0,1,0,0
Tobias Winkler,0,0,0,1,0
Tobias Zech,0,1,1,0,0
Tom Koenigs,1,1,0,0,0
Torbjörn Kartes,0,0,1,0,0
Torsten Herbst,0,0,1,1,0
Torsten Schweiger,0,0,1,0,0
Torsten Staffeldt,1,0,0,0,0
Uda Heller,0,1,0,0,0
Udo Schiefner,0,1,1,1,0
Udo Theodor Hemmelgarn,0,0,1,0,0
Uli Grötsch,0,1,1,1,0
Ulla Burchardt,1,0,0,0,0
Ulla Ihnen,0,0,1,0,0
Ulla Jelpke,1,1,1,0,0
Ulla Lötzer,1,0,0,0,0
Ulla Schmidt (Aachen),1,1,1,0,0
Ulle Schauws,0,1,1,1,0
Ulli Nissen,0,1,1,0,0
Ullrich Meßmer,1,0,0,0,0
Ulrich Freese,0,1,1,0,0
Ulrich Hampel,0,1,0,0,0
Ulrich Kelber,1,1,1,0,0
Ulrich Lange,1,1,1,1,0
Ulrich Lechte,0,0,1,1,0
Ulrich Maurer,1,0,0,0,0
Ulrich Oehme,0,0,1,0,0
Ulrich Petzold,1,1,0,0,0
Ulrich Schneider,1,0,0,0,0
Ulrike Bahr,0,1,1,1,0
Ulrike Flach,1,0,0,0,0
Ulrike Gottschalck,1,1,0,0,0
Ulrike Harzer,0,0,0,1,0
Ulrike Schielke-Ziesing,0,0,1,1,0
Undine Kurth (Quedlinburg),1,0,0,0,0
Ursula Groden-Kranich,0,1,1,1,0
Ursula Heinen-Esser,1,0,0,0,0
Ursula Schulte,0,1,1,0,0
Uta Zapf,1,0,0,0,0
Ute Bertram,0,1,0,0,0
Ute Granold,1,0,0,0,0
Ute Koczy,1,0,0,0,0
Ute Kumpf,1,0,0,0,0
Ute Vogt,1,1,1,0,0
Uwe  Kekeritz,1,0,0,0,0
Uwe Beckmeyer,1,1,0,0,0
Uwe Feiler,0,1,1,1,0
Uwe Kamann,0,0,1,0,0
Uwe Kekeritz,1,1,1,1,0
Uwe Lagosky,0,1,0,0,0
Uwe Schmidt,0,0,1,1,0
Uwe Schulz,0,0,1,1,0
Uwe Schummer,1,1,1,0,0
Uwe Witt,0,0,1,1,0
Valentin Abel,0,0,0,1,0
Verena Hartmann,0,0,1,0,0
Verena Hubertz,0,0,0,1,0
Veronika Bellmann,1,1,1,0,0
Victor Perli,0,0,1,1,0
Viola von Cramon-Taubadel,1,0,0,0,0
Volker Beck (Köln),1,1,0,0,0
Volker Kauder,1,1,1,0,0
Volker Mayer-Lay,0,0,0,1,0
Volker Mosblech,0,1,0,0,0
Volker Münz,0,0,1,1,0
Volkmar Klein,1,1,1,1,0
Volkmar Vogel (Kleinsaara),1,1,1,0,0
Waldemar Herdt,0,0,1,0,0
Waldemar Westermayer,0,1,0,0,0
Waltraud Wolff (Wolmirstedt),1,1,0,0,0
Werner Dreibus,1,0,0,0,0
Werner Schieder (Weiden),1,0,0,0,0
Werner Simmling,1,0,0,0,0
Wiebke Papenbrock,0,0,0,1,0
Wilfried Lorenz,0,1,0,0,0
Wilfried Oellers,0,1,1,1,0
Wilhelm von Gottberg,0,0,1,0,0
Willi Brase,1,1,0,0,0
Willi Zylajew,1,0,0,0,0
Wolfgang  Tiefensee,1,0,0,0,0
Wolfgang Bosbach,1,1,0,0,0
Wolfgang Börnsen (Bönstrup),1,0,0,0,0
Wolfgang Gehrcke,1,1,0,0,0
Wolfgang Gunkel,1,1,0,0,0
Wolfgang Hellmich,1,1,1,1,0
Wolfgang Kubicki,0,0,1,1,0
Wolfgang Neskovic,1,0,0,0,0
Wolfgang Tiefensee,1,1,0,0,0
Wolfgang Wetzel,0,0,1,0,0
Wolfgang Wiehle,0,0,1,1,0
Wolfgang Wieland,1,0,0,0,0
Wolfgang Zöller,1,0,0,0,0
Xaver Jung,0,1,0,0,0
Yannick Bury,0,0,0,1,0
Yasmin Fahimi,0,0,1,1,0
Ye-One Rhie,0,0,0,1,0
Yvonne Magwas,0,1,1,1,0
Yvonne Ploetz,1,0,0,0,0
Zaklin Nastic,0,0,1,1,0
Zeki Gökhan,0,0,1,0,0
Zoe Mayer,0,0,0,1,0
Özcan Mutlu,0,1,0,0,0
